,,Dependent,Dependent,Dependent
,,X,B,Y
Independent,X,0.0,8.010716520650814,8.010716520650808
Independent,B,1.3027269636178191,0.0,-5.329070518200751e-15
Independent,Y,0.390818089085345,-4.440892098500626e-16,0.0
