,,Dependent,Dependent,Dependent
,,X,B,Y
Independent,X,1.0,0.5662351376720901,1.887450458906969
Independent,B,0.5250821715969624,1.0,3.3333333333333357
Independent,Y,0.15752465147908876,0.30000000000000004,1.0
