,,Dependent,Dependent,Dependent
,,X,B,Y
Independent,X,1.0,0.4494579640864415,0.13311545514412995
Independent,B,0.4494579640864415,1.0,0.28343045049895693
Independent,Y,0.13311545514412995,0.28343045049895693,1.0
