,,Dependent,Dependent,Dependent
,,X,B,Y
Independent,X,0.0,8.980915024069478,11.50092476161031
Independent,B,2.7546746192259004,0.0,5.153210717395362
Independent,Y,8.791325944040215,8.048050764524113,0.0
