,,Dependent,Dependent,Dependent
,,X,B,Y
Independent,X,1.0,0.5014067722965463,0.14267516255822274
Independent,B,0.40289137012543774,1.0,0.272311063580944
Independent,Y,0.12419627972036004,0.295003879804402,1.0
