,,Dependent,Dependent,Dependent
,,X,B,Y
Independent,X,1.0,0.9596612402658015,0.9565057658712285
Independent,B,0.9596612402658015,1.0,0.9529300687217033
Independent,Y,0.9565057658712285,0.9529300687217033,1.0
