,,Dependent,Dependent,Dependent
,,X,B,Y
Independent,X,0.0,-1.7524349948876852,-1.9802869349071708
Independent,B,1.2214278124698374,0.0,0.10630135984120326
Independent,Y,0.6661885716576159,0.179060517963872,0.0
