,,Dependent,Dependent,Dependent
,,X,B,Y
Independent,X,1.0,1.94727394476076,3.984141608774548
Independent,B,0.4729430589601215,1.0,1.9561362728975342
Independent,Y,0.229636235351161,0.46421904672769015,1.0
