,,Dependent,Dependent,Dependent
,,X,B,Y
Independent,X,1.0,0.9530050570322387,0.9538262598062499
Independent,B,0.9530050570322387,1.0,0.9515232913123505
Independent,Y,0.9538262598062499,0.9515232913123505,1.0
