,,Dependent,Dependent,Dependent
,,X,B,Y
Independent,X,0.0,-1.2460452409199316,-1.5646842085856445
Independent,B,1.0650090983228422,0.0,0.08627450614759091
Independent,Y,0.6088278889260275,0.2030259843918789,0.0
