,,Dependent,Dependent,Dependent
,,X,B,Y
Independent,X,1.0,1.8749793593260862,3.7821840204137054
Independent,B,0.4843886063126885,1.0,1.917747909439187
Independent,Y,0.2405447564120545,0.4721144887988204,1.0
