,,Dependent,Dependent,Dependent
,,X,B,Y
Independent,X,1.0,0.47774255704391766,0.1426712879727095
Independent,B,0.47774255704391766,1.0,0.2793864932873799
Independent,Y,0.1426712879727095,0.2793864932873799,1.0
