,,Dependent,Dependent,Dependent
,,X,B,Y
Independent,X,0.0,8.607480939260629,11.34839625765686
Independent,B,2.573225601112167,0.0,5.287099943969173
Independent,Y,8.661807851712776,8.022521787672806,0.0
