,,Dependent,Dependent,Dependent
,,X,B,Y
Independent,X,1.0,0.5378993703343878,0.15407597461123307
Independent,B,0.4243134745983727,1.0,0.26797645779680135
Independent,Y,0.13211077498066848,0.29128235096908167,1.0
