,,Dependent,Dependent,Dependent
,,X,B,Y
Independent,X,1.0,0.5452705527748276,0.15306630472684604
Independent,B,0.5452705527748276,1.0,0.3775197343748556
Independent,Y,0.15306630472684604,0.3775197343748556,1.0
