,,Dependent,Dependent,Dependent
,,X,B,Y
Independent,X,0.0,8.010716520650814,10.834351174013669
Independent,B,1.3027269636178191,0.0,4.002730879836412
Independent,Y,8.827186671200273,7.635325406758449,0.0
