,,Dependent,Dependent,Dependent
,,X,B,Y
Independent,X,1.0,0.5662351376720901,0.14998596602175368
Independent,B,0.5250821715969624,1.0,0.35622624583768914
Independent,Y,0.1562099059276889,0.4000860450563203,1.0
