,,Dependent,Dependent,Dependent
,,X,Y,B
Independent,X,1.0,-0.07471539403816892,0.8035779642299263
Independent,Y,-0.07471539403816892,1.0,0.5334962217197505
Independent,B,0.8035779642299263,0.5334962217197505,1.0
