,,Dependent,Dependent,Dependent
,,X,Y,B
Independent,X,0.0,7.995095831456738,-7.395204741379313
Independent,Y,7.941212913884491,0.0,-4.341325431034489
Independent,B,7.382363874165348,8.997547915728369,0.0
