,,Dependent,Dependent,Dependent
,,X,Y,B
Independent,X,1.0,-0.06370414852624731,1.3631465517241383
Independent,Y,-0.08762993047428926,1.0,1.061422413793104
Independent,B,0.47371102085771305,0.26814792573687635,1.0
