,,Dependent,Dependent,Dependent,Dependent,Dependent,Dependent
,,X,B,Y,U1,U2,U3
Independent,X,1.0,0.5772809292521005,0.41251954013491676,0.6830247004050496,0.0386822491460561,0.14580805610310263
Independent,B,0.5772809292521005,1.0,0.5440557311902172,0.3478239763027435,0.8382649979947991,0.049579436700396516
Independent,Y,0.41251954013491676,0.5440557311902172,1.0,0.28999875312301826,0.3903234232076062,0.8649911818995113
Independent,U1,0.6830247004050496,0.3478239763027435,0.28999875312301826,1.0,-0.030450815328850387,0.1371892769512045
Independent,U2,0.0386822491460561,0.8382649979947991,0.3903234232076062,-0.030450815328850387,1.0,-0.0366928870751293
Independent,U3,0.14580805610310263,0.049579436700396516,0.8649911818995113,0.1371892769512045,-0.0366928870751293,1.0
