,,Dependent,Dependent,Dependent,Dependent,Dependent,Dependent
,,X,B,Y,U1,U2,U3
Independent,X,0.0,4.9550631689967,7.91054523160521,8.22983881682087,14.841947846472532,13.709755295761338
Independent,B,8.26359111791731,0.0,7.467537840366173,13.053929670353028,8.420973923236257,15.84821813811099
Independent,Y,10.469467840735067,7.363305432758111,0.0,13.488295220836367,12.53974592663986,7.924109069055506
Independent,U1,-0.10987748851454349,3.0627417364181024,3.8492901370017543,0.0,7.9660016749135325,6.645605185839618
Independent,U2,7.263591117917304,-3.47753158449836,2.512265224563568,7.939010261942594,0.0,7.993340490230322
Independent,U3,6.337672281776416,7.363305432758116,-3.733768920183101,6.96133038565985,8.32925896502173,0.0
