,,Dependent,Dependent,Dependent,Dependent,Dependent,Dependent
,,X,B,Y,U1,U2,U3
Independent,X,1.0,0.6300114444718714,0.4523656700135652,0.9068772552625005,0.05166153842017753,0.1903289433132665
Independent,B,0.5289638374070006,1.0,0.5466725603847447,0.42316563126092765,1.0258307692100896,0.05930122660311066
Independent,Y,0.37618321255019244,0.5414514283149703,1.0,0.3511261033846874,0.47537366299288,1.0296506133015542
Independent,U1,0.5144276567266761,0.28589637142921276,0.23951302965580903,1.0,-0.03062967876879066,0.13487497688561972
Independent,U2,0.02896383740700101,0.684994277764065,0.32048972537796216,-0.030272996370322696,1.0,-0.03586324505352259
Independent,U3,0.11170129384669181,0.04145142831496986,0.7266637198076284,0.13954328775422364,-0.037541721612164784,1.0
