,,Dependent,Dependent,Dependent,Dependent
,,X,B,Y,U2
Independent,X,1.0,0.5792915464039788,0.30384135931607925,0.008794264984465188
Independent,B,0.5792915464039788,1.0,0.5199960313126112,0.8201833455818692
Independent,Y,0.30384135931607925,0.5199960313126112,1.0,0.4246587871923098
Independent,U2,0.008794264984465188,0.8201833455818692,0.4246587871923098,1.0
