,,Dependent,Dependent,Dependent,Dependent
,,X,B,Y,U2
Independent,X,0.0,4.7485126768653405,10.033817357633158,15.934641846938211
Independent,B,8.90770064836819,0.0,8.051395139738503,8.967320923469106
Independent,Y,12.428314648935153,8.034815031952613,0.0,12.510167443865145
Independent,U2,7.907700648368201,-3.3742563384326623,2.0344864609219266,0.0
