,,Dependent,Dependent,Dependent,Dependent
,,X,B,Y,U2
Independent,X,1.0,0.6628519006358135,0.36364357664598895,0.012344692976753509
Independent,B,0.506264967201909,1.0,0.543888334925055,1.0061723464883765
Independent,Y,0.25387378620169304,0.49715328536716147,1.0,0.4980716590142361
Independent,U2,0.0062649672019084645,0.6685740496820929,0.3620665466020604,1.0
