,,Dependent,Dependent,Dependent
,,X,B,Y
Independent,X,1.0,0.9652497528878587,0.9582952346046749
Independent,B,0.9652497528878587,1.0,0.9617202154185354
Independent,Y,0.9582952346046749,0.9617202154185354,1.0
