,,Dependent,Dependent,Dependent
,,X,B,Y
Independent,X,0.0,1.0682349132492046,1.0839676483363556
Independent,B,-1.5079655500954896,0.0,0.28431477545555417
Independent,Y,-0.4185773184617485,0.09921942901136882,0.0
