,,Dependent,Dependent,Dependent
,,X,B,Y
Independent,X,1.0,0.48326585549138423,1.6197289278100742
Independent,B,1.927938990232847,1.0,3.2467237845806265
Independent,Y,0.5669650895891825,0.28487356304753914,1.0
